Concurso,Data do Sorteio,Bola1,Bola2,Bola3,Bola4,Bola5,Bola6
2756,30/12/2024,10,5,23,33,42,17
2755,28/12/2024,26,21,7,50,13,35
2754,26/12/2024,15,8,31,44,2,58
2753,24/12/2024,3,19,27,41,52,60
2752,21/12/2024,12,18,25,36,47,55
2751,19/12/2024,4,11,29,38,49,56
2750,17/12/2024,6,14,22,39,45,59
2749,14/12/2024,1,16,24,37,48,54
2748,12/12/2024,9,20,28,40,46,57
2747,10/12/2024,7,13,30,34,43,51
2746,07/12/2024,2,17,26,35,41,53
2745,05/12/2024,5,18,32,42,50,58
2744,03/12/2024,8,15,23,38,44,60
2743,30/11/2024,11,19,27,33,47,52
2742,28/11/2024,3,14,25,39,45,56
2741,26/11/2024,6,12,29,36,49,54
2740,23/11/2024,1,16,21,40,46,59
2739,21/11/2024,4,20,24,37,43,55
2738,19/11/2024,9,13,28,34,48,51
2737,16/11/2024,7,17,22,41,50,57

